Symbol,Shortname,Longname,Sector,Industry,City,State,Country,Identifier
MSFT,Microsoft Corporation,Microsoft Corporation,Technology,Software - Infrastructure,Redmond,WA,United States,NASDAQ_SE
AAPL,Apple Inc.,Apple Inc.,Technology,Consumer Electronics,Cupertino,CA,United States,NASDAQ_SE
NVDA,NVIDIA Corporation,NVIDIA Corporation,Technology,Semiconductors,Santa Clara,CA,United States,NASDAQ_SE
GOOGL,Alphabet Inc.,Alphabet Inc.,Communication Services,Internet Content & Information,Mountain View,CA,United States,NASDAQ_SE
GOOG,Alphabet Inc.,Alphabet Inc.,Communication Services,Internet Content & Information,Mountain View,CA,United States,NASDAQ_SE
AMZN,Amazon.com Inc.,Amazon.com Inc.,Consumer Cyclical,Internet Retail,Seattle,WA,United States,NASDAQ_SE
META,Meta Platforms Inc.,Meta Platforms Inc.,Communication Services,Internet Content & Information,Menlo Park,CA,United States,NASDAQ_SE
BRK-B,Berkshire Hathaway Inc. New,Berkshire Hathaway Inc.,Financial Services,Insurance - Diversified,Omaha,NE,United States,NYSE
LLY,Eli Lilly and Company,Eli Lilly and Company,Healthcare,Drug Manufacturers - General,Indianapolis,IN,United States,NYSE
AVGO,Broadcom Inc.,Broadcom Inc.,Technology,Semiconductors,Palo Alto,CA,United States,NASDAQ_SE
TSLA,Tesla Inc.,Tesla Inc.,Consumer Cyclical,Auto Manufacturers,Austin,TX,United States,NASDAQ_SE
V,Visa Inc.,Visa Inc.,Financial Services,Credit Services,San Francisco,CA,United States,NYSE
JPM,JP Morgan Chase & Co.,JPMorgan Chase & Co.,Financial Services,Banks - Diversified,New York,NY,United States,NYSE
XOM,Exxon Mobil Corporation,Exxon Mobil Corporation,Energy,Oil & Gas Integrated,Spring,TX,United States,NYSE
WMT,Walmart Inc.,Walmart Inc.,Consumer Defensive,Discount Stores,Bentonville,AR,United States,NYSE
UNH,UnitedHealth Group Incorporated,UnitedHealth Group Incorporated,Healthcare,Healthcare Plans,Minnetonka,MN,United States,NYSE
MA,Mastercard Incorporated,Mastercard Incorporated,Financial Services,Credit Services,Purchase,NY,United States,NYSE
PG,Procter & Gamble Company,The Procter & Gamble Company,Consumer Defensive,Household & Personal Products,Cincinnati,OH,United States,NYSE
JNJ,Johnson & Johnson,Johnson & Johnson,Healthcare,Drug Manufacturers - General,New Brunswick,NJ,United States,NYSE
HD,Home Depot Inc.,The Home Depot Inc.,Consumer Cyclical,Home Improvement Retail,Atlanta,GA,United States,NYSE
COST,Costco Wholesale Corporation,Costco Wholesale Corporation,Consumer Defensive,Discount Stores,Issaquah,WA,United States,NASDAQ_SE
ORCL,Oracle Corporation,Oracle Corporation,Technology,Software - Infrastructure,Austin,TX,United States,NYSE
MRK,Merck & Company Inc.,Merck & Co. Inc.,Healthcare,Drug Manufacturers - General,Rahway,NJ,United States,NYSE
CVX,Chevron Corporation,Chevron Corporation,Energy,Oil & Gas Integrated,San Ramon,CA,United States,NYSE
BAC,Bank of America Corporation,Bank of America Corporation,Financial Services,Banks - Diversified,Charlotte,NC,United States,NYSE
ABBV,AbbVie Inc.,AbbVie Inc.,Healthcare,Drug Manufacturers - General,North Chicago,IL,United States,NYSE
KO,Coca Cola Company,The Coca Cola Company,Consumer Defensive,Beverages - Non-Alcoholic,Atlanta,GA,United States,NYSE
CRM,Salesforce Inc.,Salesforce Inc.,Technology,Software - Application,San Francisco,CA,United States,NYSE
NFLX,Netflix Inc.,Netflix Inc.,Communication Services,Entertainment,Los Gatos,CA,United States,NASDAQ_SE
AMD,Advanced Micro Devices Inc.,Advanced Micro Devices Inc.,Technology,Semiconductors,Santa Clara,CA,United States,NASDAQ_SE
PEP,Pepsico Inc.,PepsiCo Inc.,Consumer Defensive,Beverages - Non-Alcoholic,Purchase,NY,United States,NASDAQ_SE
ADBE,Adobe Inc.,Adobe Inc.,Technology,Software - Infrastructure,San Jose,CA,United States,NASDAQ_SE
TMO,rmo Fisher Scientific Inc,Thermo Fisher Scientific Inc.,Healthcare,Diagnostics & Research,Waltham,MA,United States,NYSE
DIS,Walt Disney Company,The Walt Disney Company,Communication Services,Entertainment,Burbank,CA,United States,NYSE
WFC,Wells Fargo & Company,Wells Fargo & Company,Financial Services,Banks - Diversified,San Francisco,CA,United States,NYSE
LIN,Linde plc,Linde plc,Basic Materials,Specialty Chemicals,Woking,,United Kingdom,NASDAQ_SE
QCOM,QUALCOMM Incorporated,QUALCOMM Incorporated,Technology,Semiconductors,San Diego,CA,United States,NASDAQ_SE
MCD,McDonald's Corporation,McDonald's Corporation,Consumer Cyclical,Restaurants,Chicago,IL,United States,NYSE
TMUS,T Mobile US Inc.,T Mobile US Inc.,Communication Services,Telecom Services,Bellevue,WA,United States,NASDAQ_SE
ACN,Accenture plc,Accenture plc,Technology,Information Technology Services,Dublin,,Ireland,NYSE
CSCO,Cisco Systems Inc.,Cisco Systems Inc.,Technology,Communication Equipment,San Jose,CA,United States,NASDAQ_SE
DHR,Danaher Corporation,Danaher Corporation,Healthcare,Diagnostics & Research,Washington,DC,United States,NYSE
GE,GE Aerospace,General Electric Company,Industrials,Aerospace & Defense,Evendale,OH,United States,NYSE
ABT,Abbott Laboratories,Abbott Laboratories,Healthcare,Medical Devices,North Chicago,IL,United States,NYSE
INTU,Intuit Inc.,Intuit Inc.,Technology,Software - Application,Mountain View,CA,United States,NASDAQ_SE
AMAT,Applied Materials Inc.,Applied Materials Inc.,Technology,Semiconductor Equipment & Materials,Santa Clara,CA,United States,NASDAQ_SE
AXP,American Express Company,American Express Company,Financial Services,Credit Services,New York,NY,United States,NYSE
CAT,Caterpillar Inc.,Caterpillar Inc.,Industrials,Farm & Heavy Construction Machinery,Irving,TX,United States,NYSE
VZ,Verizon Communications Inc.,Verizon Communications Inc.,Communication Services,Telecom Services,New York,NY,United States,NYSE
TXN,Texas Instruments Incorporated,Texas Instruments Incorporated,Technology,Semiconductors,Dallas,TX,United States,NASDAQ_SE
AMGN,Amgen Inc.,Amgen Inc.,Healthcare,Drug Manufacturers - General,Thousand Oaks,CA,United States,NASDAQ_SE
PFE,Pfizer Inc.,Pfizer Inc.,Healthcare,Drug Manufacturers - General,New York,NY,United States,NYSE
IBM,International Business Machines,International Business Machines Corporation,Technology,Information Technology Services,Armonk,NY,United States,NYSE
MS,Morgan Stanley,Morgan Stanley,Financial Services,Capital Markets,New York,NY,United States,NYSE
CMCSA,Comcast Corporation,Comcast Corporation,Communication Services,Telecom Services,Philadelphia,PA,United States,NASDAQ_SE
PM,Philip Morris International Inc,Philip Morris International Inc.,Consumer Defensive,Tobacco,Stamford,CT,United States,NYSE
NOW,ServiceNow Inc.,ServiceNow Inc.,Technology,Software - Application,Santa Clara,CA,United States,NYSE
UBER,Uber Technologies Inc.,Uber Technologies Inc.,Technology,Software - Application,San Francisco,CA,United States,NYSE
UNP,Union Pacific Corporation,Union Pacific Corporation,Industrials,Railroads,Omaha,NE,United States,NYSE
NEE,NextEra Energy Inc.,NextEra Energy Inc.,Utilities,Utilities - Regulated Electric,Juno Beach,FL,United States,NYSE
COP,ConocoPhillips,ConocoPhillips,Energy,Oil & Gas E&P,Houston,TX,United States,NYSE
BX,Blackstone Inc.,Blackstone Inc.,Financial Services,Asset Management,New York,NY,United States,NYSE
GS,Goldman Sachs Group Inc.,The Goldman Sachs Group Inc.,Financial Services,Capital Markets,New York,NY,United States,NYSE
NKE,Nike Inc.,NIKE Inc.,Consumer Cyclical,Footwear & Accessories,Beaverton,OR,United States,NYSE
SCHW,Charles Schwab Corporation (,The Charles Schwab Corporation,Financial Services,Capital Markets,Westlake,TX,United States,NYSE
ISRG,Intuitive Surgical Inc.,Intuitive Surgical Inc.,Healthcare,Medical Instruments & Supplies,Sunnyvale,CA,United States,NASDAQ_SE
RTX,RTX Corporation,RTX Corporation,Industrials,Aerospace & Defense,Arlington,VA,United States,NYSE
INTC,Intel Corporation,Intel Corporation,Technology,Semiconductors,Santa Clara,CA,United States,NASDAQ_SE
SPGI,S&P Global Inc.,S&P Global Inc.,Financial Services,Financial Data & Stock Exchanges,New York,NY,United States,NYSE
MU,Micron Technology Inc.,Micron Technology Inc.,Technology,Semiconductors,Boise,ID,United States,NASDAQ_SE
LOW,Lowe's Companies Inc.,Lowe's Companies Inc.,Consumer Cyclical,Home Improvement Retail,Mooresville,NC,United States,NYSE
ETN,Eaton Corporation PLC,Eaton Corporation plc,Industrials,Specialty Industrial Machinery,Dublin,,Ireland,NYSE
HON,Honeywell International Inc.,Honeywell International Inc.,Industrials,Conglomerates,Charlotte,NC,United States,NASDAQ_SE
PGR,Progressive Corporation,The Progressive Corporation,Financial Services,Insurance - Property & Casualty,Mayfield,OH,United States,NYSE
SYK,Stryker Corporation,Stryker Corporation,Healthcare,Medical Devices,Portage,MI,United States,NYSE
UPS,United Parcel Service Inc.,United Parcel Service Inc.,Industrials,Integrated Freight & Logistics,Atlanta,GA,United States,NYSE
ELV,Elevance Health Inc.,Elevance Health Inc.,Healthcare,Healthcare Plans,Indianapolis,IN,United States,NYSE
BKNG,Booking Holdings Inc. Common St,Booking Holdings Inc.,Consumer Cyclical,Travel Services,Norwalk,CT,United States,NASDAQ_SE
T,AT&T Inc.,AT&T Inc.,Communication Services,Telecom Services,Dallas,TX,United States,NYSE
LRCX,Lam Research Corporation,Lam Research Corporation,Technology,Semiconductor Equipment & Materials,Fremont,CA,United States,NASDAQ_SE
C,Citigroup Inc.,Citigroup Inc.,Financial Services,Banks - Diversified,New York,NY,United States,NYSE
BLK,BlackRock Inc.,BlackRock Inc.,Financial Services,Asset Management,New York,NY,United States,NYSE
DE,Deere & Company,Deere & Company,Industrials,Farm & Heavy Construction Machinery,Moline,IL,United States,NYSE
LMT,Lockheed Martin Corporation,Lockheed Martin Corporation,Industrials,Aerospace & Defense,Bethesda,MD,United States,NYSE
BA,Boeing Company,The Boeing Company,Industrials,Aerospace & Defense,Arlington,VA,United States,NYSE
TJX,TJX Companies Inc.,The TJX Companies Inc.,Consumer Cyclical,Apparel Retail,Framingham,MA,United States,NYSE
MDT,Medtronic plc.,Medtronic plc,Healthcare,Medical Devices,Dublin,,Ireland,NYSE
BSX,Boston Scientific Corporation,Boston Scientific Corporation,Healthcare,Medical Devices,Marlborough,MA,United States,NYSE
REGN,Regeneron Pharmaceuticals Inc.,Regeneron Pharmaceuticals Inc.,Healthcare,Biotechnology,Tarrytown,NY,United States,NASDAQ_SE
VRTX,Vertex Pharmaceuticals Incorpor,Vertex Pharmaceuticals Incorporated,Healthcare,Biotechnology,Boston,MA,United States,NASDAQ_SE
CB,Chubb Limited,Chubb Limited,Financial Services,Insurance - Property & Casualty,Zurich,,Switzerland,NYSE
ABNB,Airbnb Inc.,Airbnb Inc.,Consumer Cyclical,Travel Services,San Francisco,CA,United States,NASDAQ_SE
ADI,Analog Devices Inc.,Analog Devices Inc.,Technology,Semiconductors,Wilmington,MA,United States,NASDAQ_SE
ADP,Automatic Data Processing Inc.,Automatic Data Processing Inc.,Industrials,Staffing & Employment Services,Roseland,NJ,United States,NASDAQ_SE
MMC,Marsh & McLennan Companies Inc,Marsh & McLennan Companies Inc.,Financial Services,Insurance Brokers,New York,NY,United States,NYSE
PLD,Prologis Inc.,Prologis Inc.,Real Estate,REIT - Industrial,San Francisco,CA,United States,NYSE
CI,Cigna Group,The Cigna Group,Healthcare,Healthcare Plans,Bloomfield,CT,United States,NYSE
PANW,Palo Alto Networks Inc.,Palo Alto Networks Inc.,Technology,Software - Infrastructure,Santa Clara,CA,United States,NASDAQ_SE
KLAC,KLA Corporation,KLA Corporation,Technology,Semiconductor Equipment & Materials,Milpitas,CA,United States,NASDAQ_SE
MDLZ,Mondelez International Inc.,Mondelez International Inc.,Consumer Defensive,Confectioners,Chicago,IL,United States,NASDAQ_SE
BMY,Bristol Myers Squibb Company,Bristol Myers Squibb Company,Healthcare,Drug Manufacturers - General,Princeton,NJ,United States,NYSE
FI,Fiserv Inc.,Fiserv Inc.,Technology,Information Technology Services,Milwaukee,WI,United States,NYSE
CMG,Chipotle Mexican Grill Inc.,Chipotle Mexican Grill Inc.,Consumer Cyclical,Restaurants,Newport Beach,CA,United States,NYSE
ANET,Arista Networks Inc.,Arista Networks Inc.,Technology,Computer Hardware,Santa Clara,CA,United States,NYSE
AMT,American Tower Corporation (REI,American Tower Corporation,Real Estate,REIT - Specialty,Boston,MA,United States,NYSE
WM,Waste Management Inc.,Waste Management Inc.,Industrials,Waste Management,Houston,TX,United States,NYSE
SNPS,Synopsys Inc.,Synopsys Inc.,Technology,Software - Infrastructure,Sunnyvale,CA,United States,NASDAQ_SE
SO,Southern Company,The Southern Company,Utilities,Utilities - Regulated Electric,Atlanta,GA,United States,NYSE
SBUX,Starbucks Corporation,Starbucks Corporation,Consumer Cyclical,Restaurants,Seattle,WA,United States,NASDAQ_SE
GILD,Gilead Sciences Inc.,Gilead Sciences Inc.,Healthcare,Drug Manufacturers - General,Foster City,CA,United States,NASDAQ_SE
HCA,HCA Healthcare Inc.,HCA Healthcare Inc.,Healthcare,Medical Care Facilities,Nashville,TN,United States,NYSE
GD,General Dynamics Corporation,General Dynamics Corporation,Industrials,Aerospace & Defense,Reston,VA,United States,NYSE
SHW,Sherwin Williams Company,The Sherwin Williams Company,Basic Materials,Specialty Chemicals,Cleveland,OH,United States,NYSE
CDNS,Cadence Design Systems Inc.,Cadence Design Systems Inc.,Technology,Software - Application,San Jose,CA,United States,NASDAQ_SE
DUK,Duke Energy Corporation (Holdin,Duke Energy Corporation,Utilities,Utilities - Regulated Electric,Charlotte,NC,United States,NYSE
CL,Colgate Palmolive Company,Colgate Palmolive Company,Consumer Defensive,Household & Personal Products,New York,NY,United States,NYSE
ZTS,Zoetis Inc.,Zoetis Inc.,Healthcare,Drug Manufacturers - Specialty & Generic,Parsippany,NJ,United States,NYSE
ICE,Intercontinental Exchange Inc.,Intercontinental Exchange Inc.,Financial Services,Financial Data & Stock Exchanges,Atlanta,GA,United States,NYSE
EOG,EOG Resources Inc.,EOG Resources Inc.,Energy,Oil & Gas E&P,Houston,TX,United States,NYSE
APH,Amphenol Corporation,Amphenol Corporation,Technology,Electronic Components,Wallingford,CT,United States,NYSE
CME,CME Group Inc.,CME Group Inc.,Financial Services,Financial Data & Stock Exchanges,Chicago,IL,United States,NASDAQ_SE
MO,Altria Group Inc.,Altria Group Inc.,Consumer Defensive,Tobacco,Richmond,VA,United States,NYSE
TT,Trane Technologies plc,Trane Technologies plc,Industrials,Building Products & Equipment,Swords,,Ireland,NYSE
FCX,Freeport McMoRan Inc.,Freeport McMoRan Inc.,Basic Materials,Copper,Phoenix,AZ,United States,NYSE
TGT,Target Corporation,Target Corporation,Consumer Defensive,Discount Stores,Minneapolis,MN,United States,NYSE
ITW,Illinois Tool Works Inc.,Illinois Tool Works Inc.,Industrials,Specialty Industrial Machinery,Glenview,IL,United States,NYSE
TDG,Transdigm Group Incorporated,TransDigm Group Incorporated,Industrials,Aerospace & Defense,Cleveland,OH,United States,NYSE
MCO,Moody's Corporation,Moody's Corporation,Financial Services,Financial Data & Stock Exchanges,New York,NY,United States,NYSE
PH,Parker Hannifin Corporation,Parker Hannifin Corporation,Industrials,Specialty Industrial Machinery,Cleveland,OH,United States,NYSE
CVS,CVS Health Corporation,CVS Health Corporation,Healthcare,Healthcare Plans,Woonsocket,RI,United States,NYSE
MCK,McKesson Corporation,McKesson Corporation,Healthcare,Medical Distribution,Irving,TX,United States,NYSE
CTAS,Cintas Corporation,Cintas Corporation,Industrials,Specialty Business Services,Cincinnati,OH,United States,NASDAQ_SE
NOC,Northrop Grumman Corporation,Northrop Grumman Corporation,Industrials,Aerospace & Defense,Falls Church,VA,United States,NYSE
PYPL,PayPal Holdings Inc.,PayPal Holdings Inc.,Financial Services,Credit Services,San Jose,CA,United States,NASDAQ_SE
SLB,Schlumberger N.V.,Schlumberger Limited,Energy,Oil & Gas Equipment & Services,Houston,TX,United States,NYSE
BDX,Becton Dickinson and Company,Becton Dickinson and Company,Healthcare,Medical Instruments & Supplies,Franklin Lakes,NJ,United States,NYSE
MAR,Marriott International,Marriott International Inc.,Consumer Cyclical,Lodging,Bethesda,MD,United States,NASDAQ_SE
EQIX,Equinix Inc.,Equinix Inc.,Real Estate,REIT - Specialty,Redwood City,CA,United States,NASDAQ_SE
NXPI,NXP Semiconductors N.V.,NXP Semiconductors N.V.,Technology,Semiconductors,Eindhoven,,Netherlands,NASDAQ_SE
CSX,CSX Corporation,CSX Corporation,Industrials,Railroads,Jacksonville,FL,United States,NASDAQ_SE
ECL,Ecolab Inc.,Ecolab Inc.,Basic Materials,Specialty Chemicals,Saint Paul,MN,United States,NYSE
USB,U.S. Bancorp,U.S. Bancorp,Financial Services,Banks - Regional,Minneapolis,MN,United States,NYSE
MPC,Marathon Petroleum Corporation,Marathon Petroleum Corporation,Energy,Oil & Gas Refining & Marketing,Findlay,OH,United States,NYSE
FDX,FedEx Corporation,FedEx Corporation,Industrials,Integrated Freight & Logistics,Memphis,TN,United States,NYSE
CEG,Constellation Energy Corporatio,Constellation Energy Corporation,Utilities,Utilities - Renewable,Baltimore,MD,United States,NASDAQ_SE
PNC,PNC Financial Services Group I,The PNC Financial Services Group Inc.,Financial Services,Banks - Regional,Pittsburgh,PA,United States,NYSE
AON,Aon plc,Aon plc,Financial Services,Insurance Brokers,Dublin,,Ireland,NYSE
PSX,Phillips 66,Phillips 66,Energy,Oil & Gas Refining & Marketing,Houston,TX,United States,NYSE
EMR,Emerson Electric Company,Emerson Electric Co.,Industrials,Specialty Industrial Machinery,Saint Louis,MO,United States,NYSE
ORLY,O'Reilly Automotive Inc.,O'Reilly Automotive Inc.,Consumer Cyclical,Specialty Retail,Springfield,MO,United States,NASDAQ_SE
MSI,Motorola Solutions Inc.,Motorola Solutions Inc.,Technology,Communication Equipment,Chicago,IL,United States,NYSE
RSG,Republic Services Inc.,Republic Services Inc.,Industrials,Waste Management,Phoenix,AZ,United States,NYSE
CARR,Carrier Global Corporation,Carrier Global Corporation,Industrials,Building Products & Equipment,Palm Beach Gardens,FL,United States,NYSE
WELL,Welltower Inc.,Welltower Inc.,Real Estate,REIT - Healthcare Facilities,Toledo,OH,United States,NYSE
OXY,Occidental Petroleum Corporatio,Occidental Petroleum Corporation,Energy,Oil & Gas E&P,Houston,TX,United States,NYSE
MNST,Monster Beverage Corporation,Monster Beverage Corporation,Consumer Defensive,Beverages - Non-Alcoholic,Corona,CA,United States,NASDAQ_SE
ROP,Roper Technologies Inc.,Roper Technologies Inc.,Technology,Software - Application,Sarasota,FL,United States,NASDAQ_SE
PCAR,PACCAR Inc.,PACCAR Inc,Industrials,Farm & Heavy Construction Machinery,Bellevue,WA,United States,NASDAQ_SE
APD,Air Products and Chemicals Inc,Air Products and Chemicals Inc.,Basic Materials,Specialty Chemicals,Allentown,PA,United States,NYSE
COF,Capital One Financial Corporati,Capital One Financial Corporation,Financial Services,Credit Services,McLean,VA,United States,NYSE
CPRT,Copart Inc.,Copart Inc.,Industrials,Specialty Business Services,Dallas,TX,United States,NASDAQ_SE
SPG,Simon Property Group Inc.,Simon Property Group Inc.,Real Estate,REIT - Retail,Indianapolis,IN,United States,NYSE
MMM,3M Company,3M Company,Industrials,Conglomerates,Saint Paul,MN,United States,NYSE
NSC,Norfolk Southern Corporation,Norfolk Southern Corporation,Industrials,Railroads,Atlanta,GA,United States,NYSE
AJG,Arthur J. Gallagher & Co.,Arthur J. Gallagher & Co.,Financial Services,Insurance Brokers,Rolling Meadows,IL,United States,NYSE
AIG,American International Group I,American International Group Inc.,Financial Services,Insurance - Diversified,New York,NY,United States,NYSE
TFC,Truist Financial Corporation,Truist Financial Corporation,Financial Services,Banks - Regional,Charlotte,NC,United States,NYSE
VLO,Valero Energy Corporation,Valero Energy Corporation,Energy,Oil & Gas Refining & Marketing,San Antonio,TX,United States,NYSE
DXCM,DexCom Inc.,DexCom Inc.,Healthcare,Medical Devices,San Diego,CA,United States,NASDAQ_SE
GM,General Motors Company,General Motors Company,Consumer Cyclical,Auto Manufacturers,Detroit,MI,United States,NYSE
EW,Edwards Lifesciences Corporatio,Edwards Lifesciences Corporation,Healthcare,Medical Devices,Irvine,CA,United States,NYSE
AZO,AutoZone Inc.,AutoZone Inc.,Consumer Cyclical,Specialty Retail,Memphis,TN,United States,NYSE
MCHP,Microchip Technology Incorporat,Microchip Technology Incorporated,Technology,Semiconductors,Chandler,AZ,United States,NASDAQ_SE
MET,MetLife Inc.,MetLife Inc.,Financial Services,Insurance - Life,New York,NY,United States,NYSE
HLT,Hilton Worldwide Holdings Inc.,Hilton Worldwide Holdings Inc.,Consumer Cyclical,Lodging,McLean,VA,United States,NYSE
DHI,D.R. Horton Inc.,D.R. Horton Inc.,Consumer Cyclical,Residential Construction,Arlington,TX,United States,NYSE
F,Ford Motor Company,Ford Motor Company,Consumer Cyclical,Auto Manufacturers,Dearborn,MI,United States,NYSE
TRV,Travelers Companies Inc.,The Travelers Companies Inc.,Financial Services,Insurance - Property & Casualty,New York,NY,United States,NYSE
HES,Hess Corporation,Hess Corporation,Energy,Oil & Gas E&P,New York,NY,United States,NYSE
SMCI,Super Micro Computer Inc.,Super Micro Computer Inc.,Technology,Computer Hardware,San Jose,CA,United States,NASDAQ_SE
AFL,AFLAC Incorporated,Aflac Incorporated,Financial Services,Insurance - Life,Columbus,GA,United States,NYSE
MRNA,Moderna Inc.,Moderna Inc.,Healthcare,Biotechnology,Cambridge,MA,United States,NASDAQ_SE
O,Realty Income Corporation,Realty Income Corporation,Real Estate,REIT - Retail,San Diego,CA,United States,NYSE
NEM,Newmont Corporation,Newmont Corporation,Basic Materials,Gold,Denver,CO,United States,NYSE
EL,Estee Lauder Companies Inc. (T,The Est√©e Lauder Companies Inc.,Consumer Defensive,Household & Personal Products,New York,NY,United States,NYSE
WMB,Williams Companies Inc.,The Williams Companies Inc.,Energy,Oil & Gas Midstream,Tulsa,OK,United States,NYSE
PSA,Public Storage,Public Storage,Real Estate,REIT - Industrial,Glendale,CA,United States,NYSE
STZ,Constellation Brands Inc.,Constellation Brands Inc.,Consumer Defensive,Beverages - Wineries & Distilleries,Victor,NY,United States,NYSE
DLR,Digital Realty Trust Inc.,Digital Realty Trust Inc.,Real Estate,REIT - Specialty,Austin,TX,United States,NYSE
AEP,American Electric Power Company,American Electric Power Company Inc.,Utilities,Utilities - Regulated Electric,Columbus,OH,United States,NASDAQ_SE
GEV,GE Vernova Inc.,GE Vernova Inc.,Utilities,Utilities - Renewable,Cambridge,MA,United States,NYSE
ADSK,Autodesk Inc.,Autodesk Inc.,Technology,Software - Application,San Francisco,CA,United States,NASDAQ_SE
PCG,Pacific Gas & Electric Co.,PG&E Corporation,Utilities,Utilities - Regulated Electric,Oakland,CA,United States,NYSE
SRE,DBA Sempra,Sempra,Utilities,Utilities - Diversified,San Diego,CA,United States,NYSE
GWW,W.W. Grainger Inc.,W.W. Grainger Inc.,Industrials,Industrial Distribution,Lake Forest,IL,United States,NYSE
KDP,Keurig Dr Pepper Inc.,Keurig Dr Pepper Inc.,Consumer Defensive,Beverages - Non-Alcoholic,Burlington,MA,United States,NASDAQ_SE
KMB,Kimberly Clark Corporation,Kimberly Clark Corporation,Consumer Defensive,Household & Personal Products,Dallas,TX,United States,NYSE
OKE,ONEOK Inc.,ONEOK Inc.,Energy,Oil & Gas Midstream,Tulsa,OK,United States,NYSE
URI,United Rentals Inc.,United Rentals Inc.,Industrials,Rental & Leasing Services,Stamford,CT,United States,NYSE
FTNT,Fortinet Inc.,Fortinet Inc.,Technology,Software - Infrastructure,Sunnyvale,CA,United States,NASDAQ_SE
ALL,Allstate Corporation,The Allstate Corporation,Financial Services,Insurance - Property & Casualty,Northbrook,IL,United States,NYSE
LULU,lululemon athletica inc.,Lululemon Athletica Inc.,Consumer Cyclical,Apparel Retail,Vancouver,BC,Canada,NASDAQ_SE
COR,Cencora Inc.,Cencora Inc.,Healthcare,Medical Distribution,Conshohocken,PA,United States,NYSE
ROST,Ross Stores Inc.,Ross Stores Inc.,Consumer Cyclical,Apparel Retail,Dublin,CA,United States,NASDAQ_SE
LEN,Lennar Corporation,Lennar Corporation,Consumer Cyclical,Residential Construction,Miami,FL,United States,NYSE
TEL,TE Connectivity Ltd. New Switze,TE Connectivity Ltd.,Technology,Electronic Components,Schaffhausen,,Switzerland,NYSE
PAYX,Paychex Inc.,Paychex Inc.,Industrials,Staffing & Employment Services,Rochester,NY,United States,NASDAQ_SE
KHC,Kraft Heinz Company,The Kraft Heinz Company,Consumer Defensive,Packaged Foods,Pittsburgh,PA,United States,NASDAQ_SE
D,Dominion Energy Inc.,Dominion Energy Inc.,Utilities,Utilities - Regulated Electric,Richmond,VA,United States,NYSE
BK,Bank of New York Mellon Cor,The Bank of New York Mellon Corporation,Financial Services,Asset Management,New York,NY,United States,NYSE
JCI,Johnson Controls International,Johnson Controls International plc,Industrials,Building Products & Equipment,Cork,,Ireland,NYSE
AMP,Ameriprise Financial Inc.,Ameriprise Financial Inc.,Financial Services,Asset Management,Minneapolis,MN,United States,NYSE
CCI,Crown Castle Inc.,Crown Castle Inc.,Real Estate,REIT - Specialty,Houston,TX,United States,NYSE
NUE,Nucor Corporation,Nucor Corporation,Basic Materials,Steel,Charlotte,NC,United States,NYSE
PRU,Prudential Financial Inc.,Prudential Financial Inc.,Financial Services,Insurance - Life,Newark,NJ,United States,NYSE
IQV,IQVIA Holdings Inc.,IQVIA Holdings Inc.,Healthcare,Diagnostics & Research,Durham,NC,United States,NYSE
KMI,Kinder Morgan Inc.,Kinder Morgan Inc.,Energy,Oil & Gas Midstream,Houston,TX,United States,NYSE
A,Agilent Technologies Inc.,Agilent Technologies Inc.,Healthcare,Diagnostics & Research,Santa Clara,CA,United States,NYSE
LHX,L3Harris Technologies Inc.,L3Harris Technologies Inc.,Industrials,Aerospace & Defense,Melbourne,FL,United States,NYSE
DOW,Dow Inc.,Dow Inc.,Basic Materials,Chemicals,Midland,MI,United States,NYSE
ODFL,Old Dominion Freight Line Inc.,Old Dominion Freight Line Inc.,Industrials,Trucking,Thomasville,NC,United States,NASDAQ_SE
CNC,Centene Corporation,Centene Corporation,Healthcare,Healthcare Plans,Saint Louis,MO,United States,NYSE
HSY,Hershey Company,The Hershey Company,Consumer Defensive,Confectioners,Hershey,PA,United States,NYSE
KR,Kroger Company,The Kroger Co.,Consumer Defensive,Grocery Stores,Cincinnati,OH,United States,NYSE
CTVA,Corteva Inc.,Corteva Inc.,Basic Materials,Agricultural Inputs,Indianapolis,IN,United States,NYSE
FIS,Fidelity National Information S,Fidelity National Information Services Inc.,Technology,Information Technology Services,Jacksonville,FL,United States,NYSE
IDXX,IDEXX Laboratories Inc.,IDEXX Laboratories Inc.,Healthcare,Diagnostics & Research,Westbrook,ME,United States,NASDAQ_SE
GIS,General Mills Inc.,General Mills Inc.,Consumer Defensive,Packaged Foods,Minneapolis,MN,United States,NYSE
PWR,Quanta Services Inc.,Quanta Services Inc.,Industrials,Engineering & Construction,Houston,TX,United States,NYSE
FAST,Fastenal Company,Fastenal Company,Industrials,Industrial Distribution,Winona,MN,United States,NASDAQ_SE
CHTR,Charter Communications Inc.,Charter Communications Inc.,Communication Services,Telecom Services,Stamford,CT,United States,NASDAQ_SE
AME,AMETEK Inc.,AMETEK Inc.,Industrials,Specialty Industrial Machinery,Berwyn,PA,United States,NYSE
CMI,Cummins Inc.,Cummins Inc.,Industrials,Specialty Industrial Machinery,Columbus,IN,United States,NYSE
HUM,Humana Inc.,Humana Inc.,Healthcare,Healthcare Plans,Louisville,KY,United States,NYSE
YUM,Yum! Brands Inc.,Yum! Brands Inc.,Consumer Cyclical,Restaurants,Louisville,KY,United States,NYSE
MSCI,MSCI Inc.,MSCI Inc.,Financial Services,Financial Data & Stock Exchanges,New York,NY,United States,NYSE
OTIS,Otis Worldwide Corporation,Otis Worldwide Corporation,Industrials,Specialty Industrial Machinery,Farmington,CT,United States,NYSE
SYY,Sysco Corporation,Sysco Corporation,Consumer Defensive,Food Distribution,Houston,TX,United States,NYSE
EXC,Exelon Corporation,Exelon Corporation,Utilities,Utilities - Regulated Electric,Chicago,IL,United States,NASDAQ_SE
CSGP,CoStar Group Inc.,CoStar Group Inc.,Real Estate,Real Estate Services,Washington,DC,United States,NASDAQ_SE
MLM,Martin Marietta Materials Inc.,Martin Marietta Materials Inc.,Basic Materials,Building Materials,Raleigh,NC,United States,NYSE
RCL,Royal Caribbean Cruises Ltd.,Royal Caribbean Cruises Ltd.,Consumer Cyclical,Travel Services,Miami,FL,United States,NYSE
KVUE,Kenvue Inc.,Kenvue Inc.,Consumer Defensive,Household & Personal Products,Skillman,NJ,United States,NYSE
ACGL,Arch Capital Group Ltd.,Arch Capital Group Ltd.,Financial Services,Insurance - Diversified,Pembroke,,Bermuda,NASDAQ_SE
GEHC,GE HealthCare Technologies Inc.,GE HealthCare Technologies Inc.,Healthcare,Health Information Services,Chicago,IL,United States,NASDAQ_SE
FANG,Diamondback Energy Inc.,Diamondback Energy Inc.,Energy,Oil & Gas E&P,Midland,TX,United States,NASDAQ_SE
IR,Ingersoll Rand Inc.,Ingersoll Rand Inc.,Industrials,Specialty Industrial Machinery,Davidson,NC,United States,NYSE
MPWR,Monolithic Power Systems Inc.,Monolithic Power Systems Inc.,Technology,Semiconductors,Kirkland,WA,United States,NASDAQ_SE
PEG,Public Service Enterprise Group,Public Service Enterprise Group Incorporated,Utilities,Utilities - Regulated Electric,Newark,NJ,United States,NYSE
NDAQ,Nasdaq Inc.,Nasdaq Inc.,Financial Services,Financial Data & Stock Exchanges,New York,NY,United States,NASDAQ_SE
VMC,Vulcan Materials Company (Holdi,Vulcan Materials Company,Basic Materials,Building Materials,Birmingham,AL,United States,NYSE
LVS,Las Vegas Sands Corp.,Las Vegas Sands Corp.,Consumer Cyclical,Resorts & Casinos,Las Vegas,NV,United States,NYSE
EA,Electronic Arts Inc.,Electronic Arts Inc.,Communication Services,Electronic Gaming & Multimedia,Redwood City,CA,United States,NASDAQ_SE
VRSK,Verisk Analytics Inc.,Verisk Analytics Inc.,Industrials,Consulting Services,Jersey City,NJ,United States,NASDAQ_SE
DAL,Delta Air Lines Inc.,Delta Air Lines Inc.,Industrials,Airlines,Atlanta,GA,United States,NYSE
IT,Gartner Inc.,Gartner Inc.,Technology,Information Technology Services,Stamford,CT,United States,NYSE
XYL,Xylem Inc.,Xylem Inc.,Industrials,Specialty Industrial Machinery,Washington,DC,United States,NYSE
ED,Consolidated Edison Inc.,Consolidated Edison Inc.,Utilities,Utilities - Regulated Electric,New York,NY,United States,NYSE
CTSH,Cognizant Technology Solutions,Cognizant Technology Solutions Corporation,Technology,Information Technology Services,Teaneck,NJ,United States,NASDAQ_SE
DD,DuPont de Nemours Inc.,DuPont de Nemours Inc.,Basic Materials,Specialty Chemicals,Wilmington,DE,United States,NYSE
HWM,Howmet Aerospace Inc.,Howmet Aerospace Inc.,Industrials,Aerospace & Defense,Pittsburgh,PA,United States,NYSE
HAL,Halliburton Company,Halliburton Company,Energy,Oil & Gas Equipment & Services,Houston,TX,United States,NYSE
LYB,LyondellBasell Industries NV,LyondellBasell Industries N.V.,Basic Materials,Specialty Chemicals,Houston,TX,United States,NYSE
GRMN,Garmin Ltd.,Garmin Ltd.,Technology,Scientific & Technical Instruments,Schaffhausen,,Switzerland,NYSE
BIIB,Biogen Inc.,Biogen Inc.,Healthcare,Drug Manufacturers - General,Cambridge,MA,United States,NASDAQ_SE
DVN,Devon Energy Corporation,Devon Energy Corporation,Energy,Oil & Gas E&P,Oklahoma City,OK,United States,NYSE
BKR,Baker Hughes Company,Baker Hughes Company,Energy,Oil & Gas Equipment & Services,Houston,TX,United States,NASDAQ_SE
RMD,ResMed Inc.,ResMed Inc.,Healthcare,Medical Instruments & Supplies,San Diego,CA,United States,NYSE
ROK,Rockwell Automation Inc.,Rockwell Automation Inc.,Industrials,Specialty Industrial Machinery,Milwaukee,WI,United States,NYSE
DFS,Discover Financial Services,Discover Financial Services,Financial Services,Credit Services,Riverwoods,IL,United States,NYSE
PPG,PPG Industries Inc.,PPG Industries Inc.,Basic Materials,Specialty Chemicals,Pittsburgh,PA,United States,NYSE
EXR,Extra Space Storage Inc,Extra Space Storage Inc.,Real Estate,REIT - Industrial,Salt Lake City,UT,United States,NYSE
FICO,Fair Isaac Corproation,Fair Isaac Corporation,Technology,Software - Application,Bozeman,MT,United States,NYSE
VICI,VICI Properties Inc.,VICI Properties Inc.,Real Estate,REIT - Diversified,New York,NY,United States,NYSE
ON,ON Semiconductor Corporation,ON Semiconductor Corporation,Technology,Semiconductors,Scottsdale,AZ,United States,NASDAQ_SE
XEL,Xcel Energy Inc.,Xcel Energy Inc.,Utilities,Utilities - Regulated Electric,Minneapolis,MN,United States,NASDAQ_SE
DG,Dollar General Corporation,Dollar General Corporation,Consumer Defensive,Discount Stores,Goodlettsville,TN,United States,NYSE
CDW,CDW Corporation,CDW Corporation,Technology,Information Technology Services,Vernon Hills,IL,United States,NASDAQ_SE
ADM,Archer Daniels Midland Company,Archer Daniels Midland Company,Consumer Defensive,Farm Products,Chicago,IL,United States,NYSE
HIG,Hartford Financial Services Gro,The Hartford Financial Services Group Inc.,Financial Services,Insurance - Property & Casualty,Hartford,CT,United States,NYSE
TSCO,Tractor Supply Company,Tractor Supply Company,Consumer Cyclical,Specialty Retail,Brentwood,TN,United States,NASDAQ_SE
GLW,Corning Incorporated,Corning Incorporated,Technology,Electronic Components,Corning,NY,United States,NYSE
WAB,Westinghouse Air Brake Technolo,Westinghouse Air Brake Technologies Corporation,Industrials,Railroads,Pittsburgh,PA,United States,NYSE
EFX,Equifax Inc.,Equifax Inc.,Industrials,Consulting Services,Atlanta,GA,United States,NYSE
GPN,Global Payments Inc.,Global Payments Inc.,Industrials,Specialty Business Services,Atlanta,GA,United States,NYSE
EIX,Edison International,Edison International,Utilities,Utilities - Regulated Electric,Rosemead,CA,United States,NYSE
ANSS,ANSYS Inc.,ANSYS Inc.,Technology,Software - Application,Canonsburg,PA,United States,NASDAQ_SE
HPQ,HP Inc.,HP Inc.,Technology,Computer Hardware,Palo Alto,CA,United States,NYSE
AVB,AvalonBay Communities Inc.,AvalonBay Communities Inc.,Real Estate,REIT - Residential,Arlington,VA,United States,NYSE
FTV,Fortive Corporation,Fortive Corporation,Technology,Scientific & Technical Instruments,Everett,WA,United States,NYSE
MTD,Mettler Toledo International I,Mettler Toledo International Inc.,Healthcare,Diagnostics & Research,Columbus,OH,United States,NYSE
WST,West Pharmaceutical Services I,West Pharmaceutical Services Inc.,Healthcare,Medical Instruments & Supplies,Exton,PA,United States,NYSE
CBRE,CBRE Group Inc,CBRE Group Inc.,Real Estate,Real Estate Services,Dallas,TX,United States,NYSE
DLTR,Dollar Tree Inc.,Dollar Tree Inc.,Consumer Defensive,Discount Stores,Chesapeake,VA,United States,NASDAQ_SE
KEYS,Keysight Technologies Inc.,Keysight Technologies Inc.,Technology,Scientific & Technical Instruments,Santa Rosa,CA,United States,NYSE
WEC,WEC Energy Group Inc.,WEC Energy Group Inc.,Utilities,Utilities - Regulated Electric,Milwaukee,WI,United States,NYSE
RJF,Raymond James Financial Inc.,Raymond James Financial Inc.,Financial Services,Capital Markets,Saint Petersburg,FL,United States,NYSE
FITB,Fifth Third Bancorp,Fifth Third Bancorp,Financial Services,Banks - Regional,Cincinnati,OH,United States,NASDAQ_SE
CHD,Church & Dwight Company Inc.,Church & Dwight Co. Inc.,Consumer Defensive,Household & Personal Products,Ewing,NJ,United States,NYSE
WTW,Willis Towers Watson Public Lim,Willis Towers Watson Public Limited Company,Financial Services,Insurance Brokers,London,,United Kingdom,NASDAQ_SE
AWK,American Water Works Company I,American Water Works Company Inc.,Utilities,Utilities - Regulated Water,Camden,NJ,United States,NYSE
TTWO,Take Two Interactive Software,Take Two Interactive Software Inc.,Communication Services,Electronic Gaming & Multimedia,New York,NY,United States,NASDAQ_SE
EQR,Equity Residential,Equity Residential,Real Estate,REIT - Residential,Chicago,IL,United States,NYSE
EBAY,eBay Inc.,eBay Inc.,Consumer Cyclical,Internet Retail,San Jose,CA,United States,NASDAQ_SE
ZBH,Zimmer Biomet Holdings Inc.,Zimmer Biomet Holdings Inc.,Healthcare,Medical Devices,Warsaw,IN,United States,NYSE
TROW,T. Rowe Price Group Inc.,T. Rowe Price Group Inc.,Financial Services,Asset Management,Baltimore,MD,United States,NASDAQ_SE
TRGP,Targa Resources Inc.,Targa Resources Corp.,Energy,Oil & Gas Midstream,Houston,TX,United States,NYSE
DOV,Dover Corporation,Dover Corporation,Industrials,Specialty Industrial Machinery,Downers Grove,IL,United States,NYSE
MTB,M&T Bank Corporation,M&T Bank Corporation,Financial Services,Banks - Regional,Buffalo,NY,United States,NYSE
PHM,PulteGroup Inc.,PulteGroup Inc.,Consumer Cyclical,Residential Construction,Atlanta,GA,United States,NYSE
AXON,Axon Enterprise Inc.,Axon Enterprise Inc.,Industrials,Aerospace & Defense,Scottsdale,AZ,United States,NASDAQ_SE
BLDR,Builders FirstSource Inc.,Builders FirstSource Inc.,Industrials,Building Products & Equipment,Irving,TX,United States,NYSE
NVR,NVR Inc.,NVR Inc.,Consumer Cyclical,Residential Construction,Reston,VA,United States,NYSE
CAH,Cardinal Health Inc.,Cardinal Health Inc.,Healthcare,Medical Distribution,Dublin,OH,United States,NYSE
BRO,Brown & Brown Inc.,Brown & Brown Inc.,Financial Services,Insurance Brokers,Daytona Beach,FL,United States,NYSE
VLTO,Veralto Corp,Veralto Corporation,Industrials,Pollution & Treatment Controls,Waltham,MA,United States,NYSE
WDC,Western Digital Corporation,Western Digital Corporation,Technology,Computer Hardware,San Jose,CA,United States,NASDAQ_SE
BR,Broadridge Financial Solutions,Broadridge Financial Solutions Inc.,Technology,Information Technology Services,Lake Success,NY,United States,NYSE
DTE,DTE Energy Company,DTE Energy Company,Utilities,Utilities - Regulated Electric,Detroit,MI,United States,NYSE
ETR,Entergy Corporation,Entergy Corporation,Utilities,Utilities - Regulated Electric,New Orleans,LA,United States,NYSE
APTV,Aptiv PLC,Aptiv PLC,Consumer Cyclical,Auto Parts,Dublin,,Ireland,NYSE
ROL,Rollins Inc.,Rollins Inc.,Consumer Cyclical,Personal Services,Atlanta,GA,United States,NYSE
BF-B,Brown Forman Inc,Brown Forman Corporation,Consumer Defensive,Beverages - Wineries & Distilleries,Louisville,KY,United States,NYSE
WY,Weyerhaeuser Company,Weyerhaeuser Company,Real Estate,REIT - Specialty,Seattle,WA,United States,NYSE
IFF,International Flavors & Fragran,International Flavors & Fragrances Inc.,Basic Materials,Specialty Chemicals,New York,NY,United States,NYSE
STT,State Street Corporation,State Street Corporation,Financial Services,Asset Management,Boston,MA,United States,NYSE
FE,FirstEnergy Corp.,FirstEnergy Corp.,Utilities,Utilities - Regulated Electric,Akron,OH,United States,NYSE
IRM,Iron Mountain Incorporated (Del,Iron Mountain Incorporated,Real Estate,REIT - Specialty,Portsmouth,NH,United States,NYSE
HPE,Hewlett Packard Enterprise Comp,Hewlett Packard Enterprise Company,Technology,Communication Equipment,Spring,TX,United States,NYSE
NTAP,NetApp Inc.,NetApp Inc.,Technology,Computer Hardware,San Jose,CA,United States,NASDAQ_SE
LYV,Live Nation Entertainment Inc.,Live Nation Entertainment Inc.,Communication Services,Entertainment,Beverly Hills,CA,United States,NYSE
TSN,Tyson Foods Inc.,Tyson Foods Inc.,Consumer Defensive,Farm Products,Springdale,AR,United States,NYSE
DECK,Deckers Outdoor Corporation,Deckers Outdoor Corporation,Consumer Cyclical,Footwear & Accessories,Goleta,CA,United States,NYSE
GPC,Genuine Parts Company,Genuine Parts Company,Consumer Cyclical,Auto Parts,Atlanta,GA,United States,NYSE
BALL,Ball Corporation,Ball Corporation,Consumer Cyclical,Packaging & Containers,Westminster,CO,United States,NYSE
ALGN,Align Technology Inc.,Align Technology Inc.,Healthcare,Medical Devices,Tempe,AZ,United States,NASDAQ_SE
CPAY,Corpay Inc.,Corpay Inc.,Technology,Software - Infrastructure,Atlanta,GA,United States,NYSE
INVH,Invitation Homes Inc.,Invitation Homes Inc.,Real Estate,REIT - Residential,Dallas,TX,United States,NYSE
PTC,PTC Inc.,PTC Inc.,Technology,Software - Application,Boston,MA,United States,NASDAQ_SE
CTRA,Coterra Energy Inc.,Coterra Energy Inc.,Energy,Oil & Gas E&P,Houston,TX,United States,NYSE
ES,Eversource Energy,Eversource Energy,Utilities,Utilities - Regulated Electric,Springfield,MA,United States,NYSE
WRB,W.R. Berkley Corporation,W. R. Berkley Corporation,Financial Services,Insurance - Property & Casualty,Greenwich,CT,United States,NYSE
ARE,Alexandria Real Estate Equities,Alexandria Real Estate Equities Inc.,Real Estate,REIT - Office,Pasadena,CA,United States,NYSE
STLD,Steel Dynamics Inc.,Steel Dynamics Inc.,Basic Materials,Steel,Fort Wayne,IN,United States,NASDAQ_SE
SBAC,SBA Communications Corporation,SBA Communications Corporation,Real Estate,REIT - Specialty,Boca Raton,FL,United States,NASDAQ_SE
HUBB,Hubbell Inc,Hubbell Incorporated,Industrials,Electrical Equipment & Parts,Shelton,CT,United States,NYSE
FSLR,First Solar Inc.,First Solar Inc.,Technology,Solar,Tempe,AZ,United States,NASDAQ_SE
PPL,PPL Corporation,PPL Corporation,Utilities,Utilities - Regulated Electric,Allentown,PA,United States,NYSE
STE,STERIS plc,STERIS plc,Healthcare,Medical Devices,Dublin,,Ireland,NYSE
K,Kellanova,Kellanova,Consumer Defensive,Packaged Foods,Chicago,IL,United States,NYSE
MKC,McCormick & Company Incorporat,McCormick & Company Incorporated,Consumer Defensive,Packaged Foods,Hunt Valley,MD,United States,NYSE
TYL,Tyler Technologies Inc.,Tyler Technologies Inc.,Technology,Software - Application,Plano,TX,United States,NYSE
HBAN,Huntington Bancshares Incorpora,Huntington Bancshares Incorporated,Financial Services,Banks - Regional,Columbus,OH,United States,NASDAQ_SE
MOH,Molina Healthcare Inc,Molina Healthcare Inc.,Healthcare,Healthcare Plans,Long Beach,CA,United States,NYSE
AEE,Ameren Corporation,Ameren Corporation,Utilities,Utilities - Regulated Electric,Saint Louis,MO,United States,NYSE
WBD,Warner Bros. Discovery Inc.,Warner Bros. Discovery Inc.,Communication Services,Entertainment,New York,NY,United States,NASDAQ_SE
PFG,Principal Financial Group Inc,Principal Financial Group Inc.,Financial Services,Asset Management,Des Moines,IA,United States,NASDAQ_SE
LDOS,Leidos Holdings Inc.,Leidos Holdings Inc.,Technology,Information Technology Services,Reston,VA,United States,NYSE
HRL,Hormel Foods Corporation,Hormel Foods Corporation,Consumer Defensive,Packaged Foods,Austin,MN,United States,NYSE
CBOE,Cboe Global Markets Inc.,Cboe Global Markets Inc.,Financial Services,Financial Data & Stock Exchanges,Chicago,IL,United States,BATS
ULTA,Ulta Beauty Inc.,Ulta Beauty Inc.,Consumer Cyclical,Specialty Retail,Bolingbrook,IL,United States,NASDAQ_SE
WAT,Waters Corporation,Waters Corporation,Healthcare,Diagnostics & Research,Milford,MA,United States,NYSE
VTR,Ventas Inc.,Ventas Inc.,Real Estate,REIT - Healthcare Facilities,Chicago,IL,United States,NYSE
ILMN,Illumina Inc.,Illumina Inc.,Healthcare,Diagnostics & Research,San Diego,CA,United States,NASDAQ_SE
CCL,Carnival Corporation,Carnival Corporation & plc,Consumer Cyclical,Travel Services,Miami,FL,United States,NYSE
STX,Seagate Technology Holdings PLC,Seagate Technology Holdings plc,Technology,Computer Hardware,Dublin,,Ireland,NASDAQ_SE
CNP,CenterPoint Energy Inc (Holdin,CenterPoint Energy Inc.,Utilities,Utilities - Regulated Electric,Houston,TX,United States,NYSE
BAX,Baxter International Inc.,Baxter International Inc.,Healthcare,Medical Instruments & Supplies,Deerfield,IL,United States,NYSE
J,Jacobs Solutions Inc.,Jacobs Solutions Inc.,Industrials,Engineering & Construction,Dallas,TX,United States,NYSE
TER,Teradyne Inc.,Teradyne Inc.,Technology,Semiconductor Equipment & Materials,North Reading,MA,United States,NASDAQ_SE
SYF,Synchrony Financial,Synchrony Financial,Financial Services,Credit Services,Stamford,CT,United States,NYSE
TDY,Teledyne Technologies Incorpora,Teledyne Technologies Incorporated,Technology,Scientific & Technical Instruments,Thousand Oaks,CA,United States,NYSE
CMS,CMS Energy Corporation,CMS Energy Corporation,Utilities,Utilities - Regulated Electric,Jackson,MI,United States,NYSE
CINF,Cincinnati Financial Corporatio,Cincinnati Financial Corporation,Financial Services,Insurance - Property & Casualty,Fairfield,OH,United States,NASDAQ_SE
COO,Cooper Companies Inc.,The Cooper Companies Inc.,Healthcare,Medical Instruments & Supplies,San Ramon,CA,United States,NASDAQ_SE
OMC,Omnicom Group Inc.,Omnicom Group Inc.,Communication Services,Advertising Agencies,New York,NY,United States,NYSE
DPZ,Domino's Pizza Inc,Domino's Pizza Inc.,Consumer Cyclical,Restaurants,Ann Arbor,MI,United States,NYSE
RF,Regions Financial Corporation,Regions Financial Corporation,Financial Services,Banks - Regional,Birmingham,AL,United States,NYSE
EQT,EQT Corporation,EQT Corporation,Energy,Oil & Gas E&P,Pittsburgh,PA,United States,NYSE
ATO,Atmos Energy Corporation,Atmos Energy Corporation,Utilities,Utilities - Regulated Gas,Dallas,TX,United States,NYSE
AVY,Avery Dennison Corporation,Avery Dennison Corporation,Consumer Cyclical,Packaging & Containers,Mentor,OH,United States,NYSE
HOLX,Hologic Inc.,Hologic Inc.,Healthcare,Medical Instruments & Supplies,Marlborough,MA,United States,NASDAQ_SE
DRI,Darden Restaurants Inc.,Darden Restaurants Inc.,Consumer Cyclical,Restaurants,Orlando,FL,United States,NYSE
CE,Celanese Corporation,Celanese Corporation,Basic Materials,Chemicals,Irving,TX,United States,NYSE
UAL,United Airlines Holdings Inc.,United Airlines Holdings Inc.,Industrials,Airlines,Chicago,IL,United States,NASDAQ_SE
NTRS,Northern Trust Corporation,Northern Trust Corporation,Financial Services,Asset Management,Chicago,IL,United States,NASDAQ_SE
CLX,Clorox Company,The Clorox Company,Consumer Defensive,Household & Personal Products,Oakland,CA,United States,NYSE
L,Loews Corporation,Loews Corporation,Financial Services,Insurance - Property & Casualty,New York,NY,United States,NYSE
JBHT,J.B. Hunt Transport Services I,J.B. Hunt Transport Services Inc.,Industrials,Integrated Freight & Logistics,Lowell,AR,United States,NASDAQ_SE
LH,Laboratory Corporation of Ameri,Laboratory Corporation of America Holdings,Healthcare,Diagnostics & Research,Burlington,NC,United States,NYSE
VRSN,VeriSign Inc.,VeriSign Inc.,Technology,Software - Infrastructure,Reston,VA,United States,NASDAQ_SE
IEX,IDEX Corporation,IDEX Corporation,Industrials,Specialty Industrial Machinery,Northbrook,IL,United States,NYSE
NRG,NRG Energy Inc.,NRG Energy Inc.,Utilities,Utilities - Independent Power Producers,Houston,TX,United States,NYSE
ESS,Essex Property Trust Inc.,Essex Property Trust Inc.,Real Estate,REIT - Residential,San Mateo,CA,United States,NYSE
FDS,FactSet Research Systems Inc.,FactSet Research Systems Inc.,Financial Services,Financial Data & Stock Exchanges,Norwalk,CT,United States,NYSE
TXT,Textron Inc.,Textron Inc.,Industrials,Aerospace & Defense,Providence,RI,United States,NYSE
EG,Everest Group Ltd.,Everest Group Ltd.,Financial Services,Insurance - Reinsurance,Hamilton,,Bermuda,NYSE
LUV,Southwest Airlines Company,Southwest Airlines Co.,Industrials,Airlines,Dallas,TX,United States,NYSE
EXPD,Expeditors International of Was,Expeditors International of Washington Inc.,Industrials,Integrated Freight & Logistics,Seattle,WA,United States,NYSE
CFG,Citizens Financial Group Inc.,Citizens Financial Group Inc.,Financial Services,Banks - Regional,Providence,RI,United States,NYSE
ZBRA,Zebra Technologies Corporation,Zebra Technologies Corporation,Technology,Communication Equipment,Lincolnshire,IL,United States,NASDAQ_SE
BBY,Best Buy Co. Inc.,Best Buy Co. Inc.,Consumer Cyclical,Specialty Retail,Richfield,MN,United States,NYSE
MAA,Mid America Apartment Communiti,Mid America Apartment Communities Inc.,Real Estate,REIT - Residential,Germantown,TN,United States,NYSE
PKG,Packaging Corporation of Americ,Packaging Corporation of America,Consumer Cyclical,Packaging & Containers,Lake Forest,IL,United States,NYSE
ENPH,Enphase Energy Inc.,Enphase Energy Inc.,Technology,Solar,Fremont,CA,United States,NASDAQ_SE
AKAM,Akamai Technologies Inc.,Akamai Technologies Inc.,Technology,Software - Infrastructure,Cambridge,MA,United States,NASDAQ_SE
NDSN,Nordson Corporation,Nordson Corporation,Industrials,Specialty Industrial Machinery,Westlake,OH,United States,NASDAQ_SE
MAS,Masco Corporation,Masco Corporation,Industrials,Building Products & Equipment,Livonia,MI,United States,NYSE
ALB,Albemarle Corporation,Albemarle Corporation,Basic Materials,Specialty Chemicals,Charlotte,NC,United States,NYSE
WBA,Walgreens Boots Alliance Inc.,Walgreens Boots Alliance Inc.,Healthcare,Pharmaceutical Retailers,Deerfield,IL,United States,NASDAQ_SE
EXPE,Expedia Group Inc.,Expedia Group Inc.,Consumer Cyclical,Travel Services,Seattle,WA,United States,NASDAQ_SE
DGX,Quest Diagnostics Incorporated,Quest Diagnostics Incorporated,Healthcare,Diagnostics & Research,Secaucus,NJ,United States,NYSE
MRO,Marathon Oil Corporation,Marathon Oil Corporation,Energy,Oil & Gas E&P,Houston,TX,United States,NYSE
SWKS,Skyworks Solutions Inc.,Skyworks Solutions Inc.,Technology,Semiconductors,Irvine,CA,United States,NASDAQ_SE
FOXA,Fox Corporation,Fox Corporation,Communication Services,Entertainment,New York,NY,United States,NASDAQ_SE
FOX,Fox Corporation,Fox Corporation,Communication Services,Entertainment,New York,NY,United States,NASDAQ_SE
CAG,ConAgra Brands Inc.,Conagra Brands Inc.,Consumer Defensive,Packaged Foods,Chicago,IL,United States,NYSE
AMCR,Amcor plc,Amcor plc,Consumer Cyclical,Packaging & Containers,Zurich,,Switzerland,NYSE
BG,Bunge Limited,Bunge Global SA,Consumer Defensive,Farm Products,Chesterfield,MO,United States,NYSE
SNA,Snap On Incorporated,Snap on Incorporated,Industrials,Tools & Accessories,Kenosha,WI,United States,NYSE
UDR,UDR Inc.,UDR Inc.,Real Estate,REIT - Residential,Highlands Ranch,CO,United States,NYSE
JBL,Jabil Inc.,Jabil Inc.,Technology,Electronic Components,Saint Petersburg,FL,United States,NYSE
EPAM,EPAM Systems Inc.,EPAM Systems Inc.,Technology,Information Technology Services,Newtown,PA,United States,NYSE
KEY,KeyCorp,KeyCorp,Financial Services,Banks - Regional,Cleveland,OH,United States,NYSE
POOL,Pool Corporation,Pool Corporation,Industrials,Industrial Distribution,Covington,LA,United States,NASDAQ_SE
VTRS,Viatris Inc.,Viatris Inc.,Healthcare,Drug Manufacturers - Specialty & Generic,Canonsburg,PA,United States,NASDAQ_SE
NWS,News Corporation,News Corporation,Communication Services,Entertainment,New York,NY,United States,NASDAQ_SE
NWSA,News Corporation,News Corporation,Communication Services,Entertainment,New York,NY,United States,NASDAQ_SE
TRMB,Trimble Inc.,Trimble Inc.,Technology,Scientific & Technical Instruments,Westminster,CO,United States,NASDAQ_SE
CF,CF Industries Holdings Inc.,CF Industries Holdings Inc.,Basic Materials,Agricultural Inputs,Northbrook,IL,United States,NYSE
PNR,Pentair plc.,Pentair plc,Industrials,Specialty Industrial Machinery,London,,United Kingdom,NYSE
AES,AES Corporation,The AES Corporation,Utilities,Utilities - Diversified,Arlington,VA,United States,NYSE
SWK,Stanley Black & Decker Inc.,Stanley Black & Decker Inc.,Industrials,Tools & Accessories,New Britain,CT,United States,NYSE
CPB,Campbell Soup Company,Campbell Soup Company,Consumer Defensive,Packaged Foods,Camden,NJ,United States,NYSE
DOC,Healthpeak Properties Inc.,Healthpeak Properties Inc.,Real Estate,REIT - Healthcare Facilities,Denver,CO,United States,NYSE
HST,Host Hotels & Resorts Inc.,Host Hotels & Resorts Inc.,Real Estate,REIT - Hotel & Motel,Bethesda,MD,United States,NASDAQ_SE
WRK,Westrock Company,WestRock Company,Consumer Cyclical,Packaging & Containers,Atlanta,GA,United States,NYSE
LNT,Alliant Energy Corporation,Alliant Energy Corporation,Utilities,Utilities - Regulated Electric,Madison,WI,United States,NASDAQ_SE
NI,NiSource Inc,NiSource Inc.,Utilities,Utilities - Regulated Gas,Merrillville,IN,United States,NYSE
KIM,Kimco Realty Corporation,Kimco Realty Corporation,Real Estate,REIT - Retail,Jericho,NY,United States,NYSE
MGM,MGM Resorts International,MGM Resorts International,Consumer Cyclical,Resorts & Casinos,Las Vegas,NV,United States,NYSE
IP,International Paper Company,International Paper Company,Consumer Cyclical,Packaging & Containers,Memphis,TN,United States,NYSE
RVTY,Revvity Inc.,Revvity Inc.,Healthcare,Diagnostics & Research,Waltham,MA,United States,NYSE
GEN,Gen Digital Inc.,Gen Digital Inc.,Technology,Software - Infrastructure,Tempe,AZ,United States,NASDAQ_SE
EVRG,Evergy Inc.,Evergy Inc.,Utilities,Utilities - Regulated Electric,Kansas City,MO,United States,NASDAQ_SE
AOS,A.O. Smith Corporation,A. O. Smith Corporation,Industrials,Specialty Industrial Machinery,Milwaukee,WI,United States,NYSE
PODD,Insulet Corporation,Insulet Corporation,Healthcare,Medical Devices,Acton,MA,United States,NASDAQ_SE
BEN,Franklin Resources Inc.,Franklin Resources Inc.,Financial Services,Asset Management,San Mateo,CA,United States,NYSE
TAP,Molson Coors Beverage Company,Molson Coors Beverage Company,Consumer Defensive,Beverages - Brewers,Golden,CO,United States,NYSE
LW,Lamb Weston Holdings Inc.,Lamb Weston Holdings Inc.,Consumer Defensive,Packaged Foods,Eagle,ID,United States,NYSE
TECH,Bio Techne Corp,Bio Techne Corporation,Healthcare,Biotechnology,Minneapolis,MN,United States,NASDAQ_SE
INCY,Incyte Corporation,Incyte Corporation,Healthcare,Biotechnology,Wilmington,DE,United States,NASDAQ_SE
CRL,Charles River Laboratories Inte,Charles River Laboratories International Inc.,Healthcare,Diagnostics & Research,Wilmington,MA,United States,NYSE
JKHY,Jack Henry & Associates Inc.,Jack Henry & Associates Inc.,Technology,Information Technology Services,Monett,MO,United States,NASDAQ_SE
SJM,J.M. Smucker Company,The J. M. Smucker Company,Consumer Defensive,Packaged Foods,Orrville,OH,United States,NYSE
DVA,DaVita Inc.,DaVita Inc.,Healthcare,Medical Care Facilities,Denver,CO,United States,NYSE
LKQ,LKQ Corporation,LKQ Corporation,Consumer Cyclical,Auto Parts,Chicago,IL,United States,NASDAQ_SE
IPG,Interpublic Group of Companies,The Interpublic Group of Companies Inc.,Communication Services,Advertising Agencies,New York,NY,United States,NYSE
EMN,Eastman Chemical Company,Eastman Chemical Company,Basic Materials,Specialty Chemicals,Kingsport,TN,United States,NYSE
CPT,Camden Property Trust,Camden Property Trust,Real Estate,REIT - Residential,Houston,TX,United States,NYSE
JNPR,Juniper Networks Inc.,Juniper Networks Inc.,Technology,Communication Equipment,Sunnyvale,CA,United States,NYSE
UHS,Universal Health Services Inc.,Universal Health Services Inc.,Healthcare,Medical Care Facilities,King of Prussia,PA,United States,NYSE
SOLV,Solventum Corporation,Solventum Corporation,Healthcare,Health Information Services,Saint Paul,MN,United States,NYSE
APA,APA Corporation,APA Corporation,Energy,Oil & Gas E&P,Houston,TX,United States,NASDAQ_SE
WYNN,Wynn Resorts Limited,Wynn Resorts Limited,Consumer Cyclical,Resorts & Casinos,Las Vegas,NV,United States,NASDAQ_SE
REG,Regency Centers Corporation,Regency Centers Corporation,Real Estate,REIT - Retail,Jacksonville,FL,United States,NASDAQ_SE
KMX,CarMax Inc,CarMax Inc.,Consumer Cyclical,Auto & Truck Dealerships,Richmond,VA,United States,NYSE
ALLE,Allegion plc,Allegion plc,Industrials,Security & Protection Services,Dublin,,Ireland,NYSE
BBWI,Bath & Body Works Inc.,Bath & Body Works Inc.,Consumer Cyclical,Specialty Retail,Columbus,OH,United States,NYSE
RL,Ralph Lauren Corporation,Ralph Lauren Corporation,Consumer Cyclical,Apparel Manufacturing,New York,NY,United States,NYSE
CTLT,Catalent Inc.,Catalent Inc.,Healthcare,Drug Manufacturers - Specialty & Generic,Somerset,NJ,United States,NYSE
PAYC,Paycom Software Inc.,Paycom Software Inc.,Technology,Software - Application,Oklahoma City,OK,United States,NYSE
FFIV,F5 Inc.,F5 Inc.,Technology,Software - Infrastructure,Seattle,WA,United States,NASDAQ_SE
HII,Huntington Ingalls Industries,Huntington Ingalls Industries Inc.,Industrials,Aerospace & Defense,Newport News,VA,United States,NYSE
BXP,Boston Properties Inc.,Boston Properties Inc.,Real Estate,REIT - Office,Boston,MA,United States,NYSE
AAL,American Airlines Group Inc.,American Airlines Group Inc.,Industrials,Airlines,Fort Worth,TX,United States,NASDAQ_SE
TFX,Teleflex Incorporated,Teleflex Incorporated,Healthcare,Medical Instruments & Supplies,Wayne,PA,United States,NYSE
CHRW,C.H. Robinson Worldwide Inc.,C.H. Robinson Worldwide Inc.,Industrials,Integrated Freight & Logistics,Eden Prairie,MN,United States,NASDAQ_SE
AIZ,Assurant Inc.,Assurant Inc.,Financial Services,Insurance - Specialty,Atlanta,GA,United States,NYSE
MOS,Mosaic Company,The Mosaic Company,Basic Materials,Agricultural Inputs,Tampa,FL,United States,NYSE
QRVO,Qorvo Inc.,Qorvo Inc.,Technology,Semiconductors,Greensboro,NC,United States,NASDAQ_SE
DAY,Dayforce Inc.,Dayforce Inc,Technology,Software - Application,Minneapolis,MN,United States,NYSE
TPR,Tapestry Inc.,Tapestry Inc.,Consumer Cyclical,Luxury Goods,New York,NY,United States,NYSE
PARA,Paramount Global,Paramount Global,Communication Services,Entertainment,New York,NY,United States,NASDAQ_SE
HSIC,Henry Schein Inc.,Henry Schein Inc.,Healthcare,Medical Distribution,Melville,NY,United States,NASDAQ_SE
PNW,Pinnacle West Capital Corporati,Pinnacle West Capital Corporation,Utilities,Utilities - Regulated Electric,Phoenix,AZ,United States,NYSE
MTCH,Match Group Inc.,Match Group Inc.,Communication Services,Internet Content & Information,Dallas,TX,United States,NASDAQ_SE
HAS,Hasbro Inc.,Hasbro Inc.,Consumer Cyclical,Leisure,Pawtucket,RI,United States,NASDAQ_SE
FRT,Federal Realty Investment Trust,Federal Realty Investment Trust,Real Estate,REIT - Retail,North Bethesda,MD,United States,NYSE
BWA,BorgWarner Inc.,BorgWarner Inc.,Consumer Cyclical,Auto Parts,Auburn Hills,MI,United States,NYSE
GNRC,Generac Holdlings Inc.,Generac Holdings Inc.,Industrials,Specialty Industrial Machinery,Waukesha,WI,United States,NYSE
BIO,Bio Rad Laboratories Inc.,Bio Rad Laboratories Inc.,Healthcare,Medical Devices,Hercules,CA,United States,NYSE
CZR,Caesars Entertainment Inc.,Caesars Entertainment Inc.,Consumer Cyclical,Resorts & Casinos,Reno,NV,United States,NASDAQ_SE
MKTX,MarketAxess Holdings Inc.,MarketAxess Holdings Inc.,Financial Services,Capital Markets,New York,NY,United States,NASDAQ_SE
FMC,FMC Corporation,FMC Corporation,Basic Materials,Agricultural Inputs,Philadelphia,PA,United States,NYSE
GL,Globe Life Inc.,Globe Life Inc.,Financial Services,Insurance - Life,McKinney,TX,United States,NYSE
RHI,Robert Half Inc.,Robert Half Inc.,Industrials,Staffing & Employment Services,Menlo Park,CA,United States,NYSE
ETSY,Etsy Inc.,Etsy Inc.,Consumer Cyclical,Internet Retail,Brooklyn,NY,United States,NASDAQ_SE
CMA,Comerica Incorporated,Comerica Incorporated,Financial Services,Banks - Regional,Dallas,TX,United States,NYSE
NCLH,Norwegian Cruise Line Holdings,Norwegian Cruise Line Holdings Ltd.,Consumer Cyclical,Travel Services,Miami,FL,United States,NYSE
IVZ,Invesco Ltd,Invesco Ltd.,Financial Services,Asset Management,Atlanta,GA,United States,NYSE
